symptom,disease
pain chest,hypertensive disease
shortness of breath,hypertensive disease
dizziness,hypertensive disease
asthenia,hypertensive disease
fall,hypertensive disease
syncope,hypertensive disease
vertigo,hypertensive disease
sweat sweating increased,hypertensive disease
palpitation,hypertensive disease
nausea,hypertensive disease
angina pectoris,hypertensive disease
pressure chest,hypertensive disease
polyuria,diabetes
polydypsia,diabetes
shortness of breath,diabetes
pain chest,diabetes
asthenia,diabetes
nausea,diabetes
orthopnea,diabetes
rale,diabetes
sweat sweating increased,diabetes
unresponsiveness,diabetes
mental status changes,diabetes
vertigo,diabetes
vomiting,diabetes
labored breathing,diabetes
feeling suicidal,"depression mental , depressive disorder"
suicidal,"depression mental , depressive disorder"
hallucinations auditory,"depression mental , depressive disorder"
feeling hopeless,"depression mental , depressive disorder"
weepiness,"depression mental , depressive disorder"
sleeplessness,"depression mental , depressive disorder"
motor retardation,"depression mental , depressive disorder"
irritable mood,"depression mental , depressive disorder"
blackout,"depression mental , depressive disorder"
mood depressed,"depression mental , depressive disorder"
hallucinations visual,"depression mental , depressive disorder"
worry,"depression mental , depressive disorder"
agitation,"depression mental , depressive disorder"
tremor,"depression mental , depressive disorder"
intoxication,"depression mental , depressive disorder"
verbal auditory hallucinations,"depression mental , depressive disorder"
energy increased,"depression mental , depressive disorder"
difficulty,"depression mental , depressive disorder"
nightmare,"depression mental , depressive disorder"
unable to concentrate,"depression mental , depressive disorder"
homelessness,"depression mental , depressive disorder"
pain chest,"coronary arteriosclerosis ,coronary heart disease"
angina pectoris,"coronary arteriosclerosis ,coronary heart disease"
shortness of breath,"coronary arteriosclerosis ,coronary heart disease"
hypokinesia,"coronary arteriosclerosis ,coronary heart disease"
sweat sweating increased,"coronary arteriosclerosis ,coronary heart disease"
pressure chest,"coronary arteriosclerosis ,coronary heart disease"
dyspnea on exertion,"coronary arteriosclerosis ,coronary heart disease"
orthopnea,"coronary arteriosclerosis ,coronary heart disease"
chest tightness,"coronary arteriosclerosis ,coronary heart disease"
cough,pneumonia
fever,pneumonia
decreased translucency,pneumonia
shortness of breath,pneumonia
rale,pneumonia
productive cough,pneumonia
pleuritic pain,pneumonia
yellow sputum,pneumonia
breath sounds decreased,pneumonia
chill,pneumonia
rhonchus,pneumonia
green sputum,pneumonia
non-productive cough,pneumonia
wheezing,pneumonia
haemoptysis,pneumonia
distress respiratory,pneumonia
tachypnea,pneumonia
malaise,pneumonia
night sweat,pneumonia
shortness of breath,failure heart congestive
orthopnea,failure heart congestive
jugular venous distention,failure heart congestive
rale,failure heart congestive
dyspnea,failure heart congestive
cough,failure heart congestive
wheezing,failure heart congestive
dysarthria,accidentNBSPcerebrovascular
asthenia,accidenNBSPcerebrovascular
speech slurred,accideNBSPcerebrovascular
facial paresis,accidentNBSPcerebrovascular
hemiplegia,accidentNBSPcerebrovascular
unresponsiveness,accidentNBSPcerebrovascular
seizure,accidentNBSPcerebrovascular
numbness,accidentNBSPcerebrovascular
wheezing,asthma
cough,asthma
shortness of breath,asthma
chest tightness,asthma
non-productive cough,asthma
pleuritic pain,asthma
productive cough,asthma
symptom aggravating factors,asthma
distress respiratory,asthma
pain chest,myocardial infarction
st segment elevation,myocardial infarction
sweat sweating increased,myocardial infarction
shortness of breath,myocardial infarction
st segment depression,myocardial infarction
hypokinesia,myocardial infarction
angina pectoris,myocardial infarction
pressure chest,myocardial infarction
t wave inverted,myocardial infarction
orthopnea,myocardial infarction
rale,myocardial infarction
chest tightness,myocardial infarction
presence of q wave,myocardial infarction
palpitation,myocardial infarction
dyspnea,myocardial infarction
chest discomfort,myocardial infarction
bradycardia,myocardial infarction
syncope,myocardial infarction
pain,hypercholesterolemia
pain chest,hypercholesterolemia
sweat sweating increased,hypercholesterolemia
nonsmoker,hypercholesterolemia
pressure chest,hypercholesterolemia
syncope,hypercholesterolemia
numbness,hypercholesterolemia
chest discomfort,hypercholesterolemia
shortness of breath,hypercholesterolemia
st segment depression,hypercholesterolemia
worry,hypercholesterolemia
t wave inverted,hypercholesterolemia
bradycardia,hypercholesterolemia
dyspnea,hypercholesterolemia
fever,infection
erythema,infection
decreased translucency,infection
hepatosplenomegaly,infection
chill,infection
pruritus,infection
diarrhea,infection
abscess bacterial,infection
swelling,infection
pain,infection
apyrexial,infection
cough,infection
fever,infection urinary tract
dysuria,infection urinary tract
hematuria,infection urinary tract
renal angle tenderness,infection urinary tract
lethargy,infection urinary tract
asthenia,infection urinary tract
hyponatremia,infection urinary tract
hemodynamically stable,infection urinary tract
distress respiratory,infection urinary tract
difficulty passing urine,infection urinary tract
mental status changes,infection urinary tract
consciousness clear,infection urinary tract
chill,anemia
guaiac positive,anemia
monoclonal,anemia
ecchymosis,anemia
tumor cell invasion,anemia
haemorrhage,anemia
pallor,anemia
asthenia,anemia
fatigue,anemia
heme positive,anemia
pain back,anemia
orthostasis,anemia
hyponatremia,anemia
dizziness,anemia
shortness of breath,anemia
pain,anemia
rhonchus,anemia
arthralgia,anemia
swelling,anemia
transaminitis,anemia
shortness of breath,chronic obstructive airway disease
wheezing,chronic obstructive airway disease
cough,chronic obstructive airway disease
dyspnea,chronic obstructive airway disease
distress respiratory,chronic obstructive airway disease
sputum purulent,chronic obstructive airway disease
hypoxemia,chronic obstructive airway disease
hypercapnia,chronic obstructive airway disease
patient non compliance,chronic obstructive airway disease
chest tightness,chronic obstructive airway disease
fever,dementia
fall,dementia
unresponsiveness,dementia
lethargy,dementia
agitation,dementia
ecchymosis,dementia
syncope,dementia
rale,dementia
unconscious state,dementia
cough,dementia
bedridden bedridden,dementia
pain,dementia
facial paresis,dementia
abdominal tenderness,dementia
rhonchus,dementia
unsteady gait,dementia
hallucinations auditory,dementia
shortness of breath,insufficiency renal
hyperkalemia,insufficiency renal
orthopnea,insufficiency renal
rale,insufficiency renal
urgency ofNBSPmicturition,insufficiency renal
ascites,insufficiency renal
guaiac positive,insufficiency renal
asthenia,insufficiency renal
apyrexial,insufficiency renal
mental status changes,insufficiency renal
dyspnea,insufficiency renal
difficulty,insufficiency renal
diarrhea,insufficiency renal
hypotension,insufficiency renal
breath sounds decreased,insufficiency renal
swelling,insufficiency renal
hypokinesia,insufficiency renal
seizure,confusion
enuresis,confusion
lethargy,confusion
speech slurred,confusion
fall,confusion
consciousness clear,confusion
mental status changes,confusion
asterixis,confusion
unconscious state,confusion
agitation,confusion
muscle twitch,confusion
asthenia,confusion
sleepy,confusion
dizziness,confusion
headache,confusion
dysarthria,confusion
lightheadedness,confusion
tremor,confusion
hyponatremia,confusion
unresponsiveness,confusion
pain,degenerativeNBSPpolyarthritis
food intolerance,degenerativeNBSPpolyarthritis
numbness of hand,degenerativeNBSPpolyarthritis
general discomfort,degenerativeNBSPpolyarthritis
drowsiness,degenerativeNBSPpolyarthritis
asthenia,degenerativeNBSPpolyarthritis
nonsmoker,degenerativNBSPpolyarthritis
non-productive cough,degenerativeNBSPpolyarthritis
polydypsia,degenerativeNBSPpolyarthritis
stiffness,degenerativeNBSPpolyarthritis
unsteady gait,degenerativeNBSPpolyarthritis
shortness of breath,hypothyroidism
prostatism,hypothyroidism
drowsiness sleepy,hypothyroidism
hyponatremia,hypothyroidism
fall,hypothyroidism
unsteady gait,hypothyroidism
polyuria,hypothyroidism
hypotension,hypothyroidism
difficulty,hypothyroidism
syncope,hypothyroidism
nightmare,hypothyroidism
speech slurred,hypothyroidism
weight gain,hypothyroidism
asthenia,hypothyroidism
fatigue tired,hypothyroidism
agitation,hypothyroidism
mental status changes,hypothyroidism
motor retardation,hypothyroidism
vomiting,hypothyroidism
numbness,hypothyroidism
mass of body structure,hypothyroidism
worry,anxiety state
feeling suicidal,anxiety state
suicidal,anxiety state
sleeplessness,anxiety state
feeling hopeless,anxiety state
irritable mood,anxiety state
tremor,anxiety state
blackout,anxiety state
weepiness,anxiety state
has religious belief,anxiety state
nervousness,anxiety state
hallucinations visual,anxiety state
formication,anxiety state
difficulty,anxiety state
pain chest,anxiety state
patient non compliance,anxiety state
agitation,anxiety state
palpitation,anxiety state
hallucinations auditory,anxiety state
mood depressed,anxiety state
hot flush,anxiety state
pain,anxiety state
consciousness clear,anxiety state
nightmare,anxiety state
pain,malignant neoplasms primary malignant neoplasm
mass of body structure,malignant neoplasms primary malignant neoplasm
lesion,malignant neoplasms primary malignant neoplasm
cushingoid facies cushingoidNBSPhabitus,malignant neoplasms primary malignant neoplasm
emphysematous change,malignant neoplasms primary malignant neoplasm
decreased body weight,malignant neoplasms primary malignant neoplasm
ascites,malignant neoplasms primary malignant neoplasm
hoarseness,malignant neoplasms primary malignant neoplasm
thicken,malignant neoplasms primary malignant neoplasm
hematuria,malignant neoplasms primary malignant neoplasm
fever,acquiredNBSPimmuno-deficiency syndrome HIV hiv infections
night sweat,acquiredNBSPimmuno-deficiency syndrome HIV hiv infections
spontaneous rupture of membranes,acquiredNBSPimmuno-deficiency syndrome HIV hiv infections
cough,acquiredNBSPimmuno-deficiency syndrome HIV hiv infections
,acquireNBSPimmuno-deficiency syndrome HIV hiv infections
decreased body weight,acquiredNBSPimmuno-deficiency syndrome HIV hiv infections
chill,acquiredNBSPimmuno-deficiency syndrome HIV hiv infections
diarrhea,acquiredNBSPimmuno-deficiency syndrome HIV hiv infections
pleuritic pain,acquiredNBSPimmuno-deficiency syndrome HIV hiv infections
patient non compliance,acquiredNBSPimmuno-deficiency syndrome HIV hiv infections
tachypnea,acquiredNBSPmmuno-deficiency syndrome HIV hiv infections
productive cough,acquiredNBSPimmuno-deficiency syndrome HIV hiv infections
muscle hypotonia hypotonic,acquiredNBSPimmuno-deficiency syndrome HIV hiv infections
feeling suicidal,acquiredNBSPimmuno-deficiency syndrome HIV hiv infections
erythema,cellulitis
pain,cellulitis
swelling,cellulitis
redness,cellulitis
fever,cellulitis
abscess bacterial,cellulitis
patient non compliance,cellulitis
hypesthesia,cellulitis
hyperacusis,cellulitis
pruritus,cellulitis
pain chest,cellulitis
scratch marks,cellulitis
chill,cellulitis
sore to touch,cellulitis
pain,gastroesophageal reflux disease
pain chest,gastroesophageal reflux disease
burning sensation,gastroesophageal reflux disease
hyponatremia,gastroesophageal reflux disease
satiety early,gastroesophageal reflux disease
throbbing sensation quality,gastroesophageal reflux disease
chest tightness,gastroesophageal reflux disease
sensory discomfort,gastroesophageal reflux disease
presence of q wave,gastroesophageal reflux disease
nausea,gastroesophageal reflux disease
general discomfort,gastroesophageal reflux disease
constipation,gastroesophageal reflux disease
palpitation,gastroesophageal reflux disease
pain abdominal,gastroesophageal reflux disease
heartburn,gastroesophageal reflux disease
sweat sweating increased,gastroesophageal reflux disease
asthenia,gastroesophageal reflux disease
fever,septicemia systemic infection sepsis (invertebrate)
distress respiratory,septicemia systemic infection sepsis (invertebrate)
hypotension,septicemia systemic infection sepsis (invertebrate)
tachypnea,septicemia systemic infection sepsis (invertebrate)
chill,septicemia systemic infection sepsis (invertebrate)
lethargy,septicemia systemic infection sepsis (invertebrate)
bradycardia,septicemia systemic infection sepsis (invertebrate)
breech presentation,septicemia systemic infection sepsis (invertebrate)
cyanosis,septicemia systemic infection sepsis (invertebrate)
spontaneous rupture of membranes,septicemia systemic infection sepsis (invertebrate)
haemorrhage,septicemia systemic infection sepsis (invertebrate)
unresponsiveness,septicemia systemic infection sepsis (invertebrate)
rale,septicemia systemic infection sepsis (invertebrate)
apyrexial,septicemia systemic infection sepsis (invertebrate)
swelling,deep vein thrombosis
pain,deep vein thrombosis
ecchymosis,deep vein thrombosis
shortness of breath,deep vein thrombosis
pain in lower limb,deep vein thrombosis
cardiomegaly,deep vein thrombosis
rale,deep vein thrombosis
erythema,deep vein thrombosis
hypotension,deep vein thrombosis
clonus,deep vein thrombosis
non-productive cough,deep vein thrombosis
redness,deep vein thrombosis
fever,dehydration
diarrhea,dehydration
vomiting,dehydration
hypotension,dehydration
nausea,dehydration
lightheadedness,dehydration
unwell,dehydration
mental status changes,dehydration
anorexia,dehydration
asthenia,dehydration
sensory discomfort,dehydration
syncope,dehydration
lethargy,dehydration
dizziness,dehydration
syncope blackout history of - blackout,dehydration
mass of body structure,neoplasm
lesion,neoplasm
pain chest,neoplasm
hematuria,neoplasm
tumor cell invasion,neoplasm
pain,neoplasm
anosmia,neoplasm
thicken,neoplasm
metastatic lesion,neoplasm
food intolerance,neoplasm
decreased body weight,neoplasm
night sweat,neoplasm
hemianopsia homonymous,neoplasm
satiety early,neoplasm
pain abdominal,neoplasm
headache,neoplasm
shortness of breath,embolism pulmonary
hypoxemia,embolism pulmonary
tachypnea,embolism pulmonary
hematocrit decreased,embolism pulmonary
pain chest,embolism pulmonary
dyspnea,embolism pulmonary
pleuritic pain,embolism pulmonary
neck stiffness,embolism pulmonary
yellow sputum,embolism pulmonary
productive cough,embolism pulmonary
cicatrisation,embolism pulmonary
unresponsiveness,embolism pulmonary
distress respiratory,embolism pulmonary
wheezing,embolism pulmonary
apyrexial,embolism pulmonary
non-productive cough,embolism pulmonary
seizure,epilepsy
hypometabolism,epilepsy
aura,epilepsy
muscle twitch,epilepsy
drowsiness,epilepsy
tremor,epilepsy
unresponsiveness,epilepsy
hemiplegia,epilepsy
myoclonus,epilepsy
gurgle,epilepsy
sleepy,epilepsy
lethargy,epilepsy
wheelchair bound,epilepsy
shortness of breath,cardiomyopathy
orthopnea,cardiomyopathy
hypokinesia,cardiomyopathy
jugular venous distention,cardiomyopathy
palpitation,cardiomyopathy
pain chest,cardiomyopathy
syncope,cardiomyopathy
yellow sputum,cardiomyopathy
rale,cardiomyopathy
dyspnea,cardiomyopathy
dyspnea on exertion,cardiomyopathy
leftNBSPatrialNBSPhypertrophy,cardiomyopathy
fatigue,cardiomyopathy
weight gain,cardiomyopathy
patient non compliance,cardiomyopathy
vomiting,chronic kidney failure
orthopnea,chronic kidney failure
hyperkalemia,chronic kidney failure
oliguria,chronic kidney failure
jugular venous distention,chronic kidney failure
nausea,chronic kidney failure
shortness of breath,chronic kidney failure
mental status changes,chronic kidney failure
diarrhea,chronic kidney failure
asthenia,chronic kidney failure
chest tightness,chronic kidney failure
malaise,chronic kidney failure
chill,chronic kidney failure
rale,chronic kidney failure
fever,chronic kidney failure
pleuritic pain,chronic kidney failure
apyrexial,chronic kidney failure
guaiac positive,chronic kidney failure
swelling,chronic kidney failure
catatonia,chronic kidney failure
unresponsiveness,chronic kidney failure
yellow sputum,chronic kidney failure
mass of body structure,carcinoma
pain,carcinoma
lesion,carcinoma
tumor cell invasion,carcinoma
thicken,carcinoma
decreased body weight,carcinoma
hoarseness,carcinoma
general discomfort,carcinoma
metastatic lesion,carcinoma
non-productive cough,carcinoma
constipation,carcinoma
unhappy,carcinoma
paresthesia,carcinoma
gravida ,carcinoma
diarrhea,carcinoma
sore to touch,carcinoma
heartburn,carcinoma
nausea,carcinoma
lung nodule,carcinoma
ascites,hepatitis C
distended abdomen,hepatitis C
feeling suicidal,hepatitis C
cough,hepatitis C
ache,hepatitis C
macerated skin,hepatitis C
heavy feeling,hepatitis C
hallucinations auditory,hepatitis C
chill,hepatitis C
asterixis,hepatitis C
patient non compliance,hepatitis C
shortness of breath,peripheral vascular disease
rest pain,peripheral vascular disease
angina pectoris,peripheral vascular disease
unresponsiveness,peripheral vascular disease
hyperkalemia,peripheral vascular disease
sinus rhythm,peripheral vascular disease
labored breathing,peripheral vascular disease
dyspnea,peripheral vascular disease
sore to touch,peripheral vascular disease
anorexia,peripheral vascular disease
sleepy,peripheral vascular disease
suicidal,psychotic disorder
hallucinations auditory,psychotic disorder
feeling suicidal,psychotic disorder
hallucinations visual,psychotic disorder
motor retardation,psychotic disorder
blackout,psychotic disorder
verbal auditory hallucinations,psychotic disorder
feeling hopeless,psychotic disorder
irritable mood,psychotic disorder
agitation,psychotic disorder
tremor,psychotic disorder
catatonia,psychotic disorder
weepiness,psychotic disorder
homelessness,psychotic disorder
sleeplessness,psychotic disorder
withdraw,psychotic disorder
energy increased,psychotic disorder
intoxication,psychotic disorder
worry,psychotic disorder
behavior hyperactive,psychotic disorder
patient non compliance,psychotic disorder
mood depressed,psychotic disorder
terrify,psychotic disorder
nightmare,psychotic disorder
consciousness clear,psychotic disorder
pain chest,hyperlipidemia
angina pectoris,hyperlipidemia
palpitation,hyperlipidemia
presence of q wave,hyperlipidemia
photopsia,hyperlipidemia
sweat sweating increased,hyperlipidemia
chest discomfort,hyperlipidemia
shortness of breath,hyperlipidemia
giddy mood,hyperlipidemia
hypokinesia,hyperlipidemia
hemiplegia,hyperlipidemia
dizziness,hyperlipidemia
feeling suicidal,bipolar disorder
energy increased,bipolar disorder
suicidal,bipolar disorder
irritable mood,bipolar disorder
agitation,bipolar disorder
has religious belief,bipolar disorder
disturbed family,bipolar disorder
hallucinations auditory,bipolar disorder
verbal auditory hallucinations,bipolar disorder
weepiness,bipolar disorder
behavior hyperactive,bipolar disorder
catatonia,bipolar disorder
feeling hopeless,bipolar disorder
worry,bipolar disorder
sleeplessness,bipolar disorder
hypersomnia,bipolar disorder
difficulty,bipolar disorder
hallucinations visual,bipolar disorder
hyperhidrosis disorder,bipolar disorder
mydriasis,bipolar disorder
extrapyramidal sign,bipolar disorder
loose associations,bipolar disorder
intoxication,bipolar disorder
motor retardation,bipolar disorder
homelessness,bipolar disorder
blackout,bipolar disorder
tremor,bipolar disorder
exhaustion,bipolar disorder
pain,obesity
catatonia,obesity
snore,obesity
pain chest,obesity
r wave feature,obesity
has religious belief,obesity
shortness of breath,obesity
fatigue tired,obesity
overweight,obesity
systolic murmur,obesity
mood depressed,obesity
ecchymosis,obesity
drowsiness sleepy,ischemia
pain chest,ischemia
angina pectoris,ischemia
pressure chest,ischemia
chest discomfort,ischemia
shortness of breath,ischemia
dyspnea,ischemia
sinus rhythm,ischemia
bradycardia,ischemia
sweat sweating increased,ischemia
rale,ischemia
asymptomatic,ischemia
anorexia,ischemia
ascites,cirrhosis
fall,cirrhosis
splenomegaly,cirrhosis
pruritus,cirrhosis
pain abdominal,cirrhosis
tumor cell invasion,cirrhosis
distended abdomen,cirrhosis
lesion,cirrhosis
hemodynamically stable,cirrhosis
guaiac positive,cirrhosis
sore to touch,cirrhosis
bleeding of vagina,cirrhosis
fever,exanthema
pruritus,exanthema
macule,exanthema
lesion,exanthema
redness,exanthema
headache,exanthema
apyrexial,exanthema
arthralgia,exanthema
swelling,exanthema
erythema,exanthema
photophobia,exanthema
chill,exanthema
scratch marks,exanthema
pain,exanthema
painful swallowing,exanthema
mental status changes,benign prostatic hypertrophy
cachexia,benign prostatic hypertrophy
blackout,benign prostatic hypertrophy
orthostasis,benign prostatic hypertrophy
orthopnea,benign prostatic hypertrophy
night sweat,benign prostatic hypertrophy
distress respiratory,benign prostatic hypertrophy
anorexia,benign prostatic hypertrophy
dysarthria,benign prostatic hypertrophy
hyperkalemia,kidney failure acute
hypotension,kidney failure acute
hypocalcemia result,kidney failure acute
oliguria,kidney failure acute
hemodynamically stable,kidney failure acute
asthenia,kidney failure acute
"hypothermia, natural",kidney failure acute
diarrhea,kidney failure acute
haemorrhage,kidney failure acute
unresponsiveness,kidney failure acute
shortness of breath,mitral valve insufficiency
dyspnea on exertion,mitral valve insufficiency
asymptomatic,mitral valve insufficiency
hypokinesia,mitral valve insufficiency
dyspnea,mitral valve insufficiency
syncope,mitral valve insufficiency
thicken,mitral valve insufficiency
leftNBSPatrialNBSPhypertrophy,mitral valve insufficiency
palpitation,mitral valve insufficiency
fatigue,mitral valve insufficiency
vomiting,mitral valve insufficiency
pain,mitral valve insufficiency
cardiomegaly,mitral valve insufficiency
chest discomfort,mitral valve insufficiency
pain,arthritis
hemodynamically stable,arthritis
sleeplessness,arthritis
asthenia,arthritis
syncope,arthritis
swelling,arthritis
atypia,arthritis
general unsteadiness,arthritis
shortness of breath,arthritis
distended abdomen,arthritis
cough,bronchitis
wheezing,bronchitis
shortness of breath,bronchitis
chest tightness,bronchitis
fever,bronchitis
throat sore,bronchitis
productive cough,bronchitis
hepatosplenomegaly,bronchitis
night sweat,bronchitis
haemoptysis,bronchitis
labored breathing,bronchitis
snuffle,bronchitis
hacking cough,bronchitis
dyspnea,bronchitis
chill,bronchitis
stridor,bronchitis
decreased body weight,bronchitis
dysarthria,hemiparesis
paresis,hemiparesis
asthenia,hemiparesis
aphagia,hemiparesis
seizure,hemiparesis
speech slurred,hemiparesis
focal seizures,hemiparesis
hemiplegia,hemiparesis
abnormal sensation,hemiparesis
unresponsiveness,hemiparesis
stupor,hemiparesis
drowsiness sleepy,hemiparesis
fremitus,hemiparesis
Stahli's line,hemiparesis
stinging sensation,hemiparesis
paralyse,hemiparesis
clonus,hemiparesis
facial paresis,hemiparesis
prostatism,osteoporosis
fall,osteoporosis
hirsutism,osteoporosis
sniffle,osteoporosis
distended abdomen,osteoporosis
vertigo,osteoporosis
numbness of hand,osteoporosis
bradykinesia,osteoporosis
pain,osteoporosis
syncope,osteoporosis
out of breath,osteoporosis
apyrexial,osteoporosis
urge incontinence,osteoporosis
lightheadedness,osteoporosis
speech slurred,transient ischemic attack
dysarthria,transient ischemic attack
facial paresis,transient ischemic attack
asthenia,transient ischemic attack
neck stiffness,transient ischemic attack
vertigo,transient ischemic attack
numbness,transient ischemic attack
lightheadedness,transient ischemic attack
extrapyramidal sign,transient ischemic attack
Stahli's line,transient ischemic attack
vision blurred,transient ischemic attack
headache,transient ischemic attack
room spinning,transient ischemic attack
syncope,transient ischemic attack
difficulty,transient ischemic attack
rambling speech,transient ischemic attack
clumsiness,transient ischemic attack
mass of body structure,adenocarcinoma
lesion,adenocarcinoma
decreased body weight,adenocarcinoma
constipation,adenocarcinoma
fremitus,adenocarcinoma
decreased stool caliber,adenocarcinoma
satiety early,adenocarcinoma
hematochezia,adenocarcinoma
egophony,adenocarcinoma
pain,adenocarcinoma
cicatrisation scar tissue,adenocarcinoma
pain abdominal,adenocarcinoma
hallucinations auditory,paranoia
hallucinations visual,paranoia
agitation,paranoia
irritable mood,paranoia
verbal auditory hallucinations,paranoia
feeling suicidal,paranoia
suicidal,paranoia
terrify,paranoia
neologism,paranoia
homelessness,paranoia
energy increased,paranoia
mood depressed,paranoia
decompensation,paranoia
cicatrisation scar tissue,paranoia
blackout,paranoia
loose associations,paranoia
vomiting,pancreatitis
pain abdominal,pancreatitis
nausea,pancreatitis
pain,pancreatitis
diarrhea,pancreatitis
stool color yellow,pancreatitis
rigor - temperature-associated observation,pancreatitis
apyrexial,pancreatitis
sore to touch,pancreatitis
paraparesis,incontinence
seizure,incontinence
asthenia,incontinence
urge incontinence,incontinence
unconscious state,incontinence
aura,incontinence
moody,incontinence
fear of falling,incontinence
tremor,incontinence
spasm,incontinence
unhappy,incontinence
syncope,incontinence
fall,incontinence
stiffness,incontinence
unresponsiveness,incontinence
orthopnea,paroxysmalNBSPdyspnea
shortness of breath,paroxysmalNBSPdyspnea
dyspnea on exertion,paroxysmalNBSPdyspnea
jugular venous distention,paroxysmalNBSPdyspnea
rale,paroxysmalNBSPdyspnea
pain chest,paroxysmalNBSPdyspnea
palpitation,paroxysmalNBSPdyspnea
sweat sweating increased,paroxysmalNBSPdyspnea
weight gain,paroxysmalNBSPdyspnea
cough,paroxysmalNBSPyspnea
dyspnea,paroxysmalNBSPdyspnea
pain abdominal,hernia
pain,hernia
hyperventilation,hernia
excruciating pain,hernia
gag,hernia
nausea,hernia
posturing,hernia
hemiplegia,hernia
sore to touch,hernia
haemorrhage,hernia
apyrexial,hernia
food intolerance,hernia
pulse absent,hernia
asthenia,hernia
mass of body structure,hernia
thicken,hernia
hematuria,malignant neoplasm of prostate carcinoma prostate
dysesthesia,malignant neoplasm of prostate carcinoma prostate
asthenia,malignant neoplasm of prostate carcinoma prostate
polymyalgia,malignant neoplasm of prostate carcinoma prostate
passed stones,malignant neoplasm of prostate carcinoma prostate
pleuritic pain,malignant neoplasm of prostate carcinoma prostate
guaiac positive,malignant neoplasm of prostate carcinoma prostate
rale,malignant neoplasm of prostate carcinoma prostate
breath sounds decreased,malignant neoplasm of prostate carcinoma prostate
urge incontinence,malignant neoplasm of prostate carcinoma prostate
dysuria,malignant neoplasm of prostate carcinoma prostate
diarrhea,malignant neoplasm of prostate carcinoma prostate
vertigo,malignant neoplasm of prostate carcinoma prostate
qt interval prolonged,malignant neoplasm of prostate carcinoma prostate
ataxia,malignant neoplasm of prostate carcinoma prostate
paresis,malignant neoplasm of prostate carcinoma prostate
hemianopsia homonymous,malignant neoplasm of prostate carcinoma prostate
tumor cell invasion,malignant neoplasm of prostate carcinoma prostate
hemodynamically stable,malignant neoplasm of prostate carcinoma prostate
mass of body structure,malignant neoplasm of prostate carcinoma prostate
rhonchus,malignant neoplasm of prostate carcinoma prostate
orthostasis,malignant neoplasm of prostate carcinoma prostate
decreased body weight,malignant neoplasm of prostate carcinoma prostate
urgency ofNBSPmicturition,edema pulmonary
shortness of breath,edema pulmonary
rale,edema pulmonary
tachypnea,edema pulmonary
orthopnea,edema pulmonary
Heberden's node,edema pulmonary
jugular venous distention,edema pulmonary
dyspnea,edema pulmonary
sweat sweating increased,edema pulmonary
patient non compliance,edema pulmonary
chest discomfort,edema pulmonary
hyperkalemia,edema pulmonary
sinus rhythm,edema pulmonary
pain chest,edema pulmonary
hypotension,edema pulmonary
wheezing,edema pulmonary
pain,lymphatic diseases
mass of body structure,lymphatic diseases
night sweat,lymphatic diseases
splenomegaly,lymphatic diseases
lesion,lymphatic diseases
chill,lymphatic diseases
decreased body weight,lymphatic diseases
swelling,lymphatic diseases
fever,lymphatic diseases
hyperacusis,lymphatic diseases
fremitus,lymphatic diseases
non-productive cough,lymphatic diseases
egophony,lymphatic diseases
redness,lymphatic diseases
hepatomegaly,lymphatic diseases
fatigue,lymphatic diseases
dyspnea on exertion,stenosis aortic valve
syncope,stenosis aortic valve
chest discomfort,stenosis aortic valve
systolic murmur,stenosis aortic valve
sciatica,stenosis aortic valve
angina pectoris,stenosis aortic valve
pain chest,stenosis aortic valve
frothy sputum,stenosis aortic valve
bradycardia,stenosis aortic valve
shortness of breath,stenosis aortic valve
pain,stenosis aortic valve
mass in breast,malignant neoplasm of breast carcinoma breast
mass of body structure,malignant neoplasm of breast carcinoma breast
paresthesia,malignant neoplasm of breast carcinoma breast
retropulsion,malignant neoplasm of breast carcinoma breast
erythema,malignant neoplasm of breast carcinoma breast
difficulty,malignant neoplasm of breast carcinoma breast
lesion,malignant neoplasm of breast carcinoma breast
estrogen use,malignant neoplasm of breast carcinoma breast
burning sensation,malignant neoplasm of breast carcinoma breast
dyspnea,malignant neoplasm of breast carcinoma breast
swelling,malignant neoplasm of breast carcinoma breast
formication,malignant neoplasm of breast carcinoma breast
hallucinations auditory,schizophrenia
hypersomnolence,schizophrenia
irritable mood,schizophrenia
verbal auditory hallucinations,schizophrenia
patient non compliance,schizophrenia
agitation,schizophrenia
suicidal,schizophrenia
worry,schizophrenia
hallucinations visual,schizophrenia
underweight underweight,schizophrenia
homelessness,schizophrenia
pain abdominal,diverticulitis
abscess bacterial,diverticulitis
dullness,diverticulitis
red blotches,diverticulitis
diarrhea,diverticulitis
sore to touch,diverticulitis
dysuria,diverticulitis
pain,diverticulitis
vomiting,diverticulitis
sinus rhythm,diverticulitis
colic abdominal,diverticulitis
apyrexial,diverticulitis
abdominal tenderness,diverticulitis
fever,diverticulitis
unsteady gait,diverticulitis
thicken,diverticulitis
urgency ofNBSPmicturition,diverticulitis
anorexia,diverticulitis
monoclonal,diverticulitis
constipation,diverticulitis
rale,overload fluid
jugular venous distention,overload fluid
hyperkalemia,overload fluid
orthopnea,overload fluid
shortness of breath,overload fluid
drowsiness sleepy,overload fluid
weight gain,overload fluid
hypokalemia,overload fluid
hypotension,overload fluid
swelling,overload fluid
distended abdomen,overload fluid
pain abdominal,ulcer peptic
paraparesis,ulcer peptic
nausea,ulcer peptic
vomiting,ulcer peptic
polymyalgia,ulcer peptic
out of breath,ulcer peptic
pain chest,ulcer peptic
hemiplegia,ulcer peptic
gurgle,ulcer peptic
hunger,ulcer peptic
apyrexial,ulcer peptic
nervousness,ulcer peptic
pain,osteomyelitis
redness,osteomyelitis
prostate tender,osteomyelitis
fever,osteomyelitis
difficulty passing urine,osteomyelitis
sore to touch,osteomyelitis
swelling,osteomyelitis
apyrexial,osteomyelitis
erythema,osteomyelitis
abscess bacterial,osteomyelitis
pain foot,osteomyelitis
urinary hesitation,osteomyelitis
heme positive,gastritis
pain abdominal,gastritis
vomiting,gastritis
disequilibrium,gastritis
nausea,gastritis
intoxication,gastritis
haemorrhage,gastritis
guaiac positive,gastritis
pain,gastritis
decreased body weight,gastritis
sore to touch,gastritis
dizziness,gastritis
fever,bacteremia
chill,bacteremia
flushing,bacteremia
unresponsiveness,bacteremia
indifferent mood,bacteremia
urinoma,bacteremia
vomiting,bacteremia
distended abdomen,bacteremia
hypoalbuminemia,bacteremia
pustule,bacteremia
prostatism,bacteremia
diarrhea,bacteremia
abdominal tenderness,bacteremia
pleuritic pain,bacteremia
decreased translucency,bacteremia
pallor,bacteremia
orthopnea,failure kidney
oliguria,failure kidney
slowing of urinary stream,failure kidney
extreme exhaustion,failure kidney
unresponsiveness,failure kidney
hypotension,failure kidney
enuresis,failure kidney
shortness of breath,failure kidney
haemorrhage,failure kidney
prostatism,failure kidney
no status change,failure kidney
bedridden bedridden,failure kidney
fatigue,failure kidney
breakthrough pain,sickle cell anemia
pain back,sickle cell anemia
pain,sickle cell anemia
shortness of breath,sickle cell anemia
snuffle,sickle cell anemia
pain chest,sickle cell anemia
pain abdominal,sickle cell anemia
hepatosplenomegaly,sickle cell anemia
green sputum,sickle cell anemia
apyrexial,sickle cell anemia
headache,sickle cell anemia
orthopnea,failure heart
fatigue,failure heart
dyspnea on exertion,failure heart
dyspnea,failure heart
shortness of breath,failure heart
pansystolic murmur,failure heart
jugular venous distention,failure heart
systolic ejection murmur,failure heart
hypotension,failure heart
angina pectoris,failure heart
hypokinesia,failure heart
cough,upper respiratory infection
throat sore,upper respiratory infection
wheezing,upper respiratory infection
shortness of breath,upper respiratory infection
labored breathing,upper respiratory infection
fever,upper respiratory infection
stuffy nose,upper respiratory infection
non-productive cough,upper respiratory infection
snuffle,upper respiratory infection
indifferent mood,upper respiratory infection
egophony,upper respiratory infection
barking cough,upper respiratory infection
polymyalgia,upper respiratory infection
pleuritic pain,upper respiratory infection
night sweat,upper respiratory infection
dyspnea,upper respiratory infection
productive cough,upper respiratory infection
decreased translucency,upper respiratory infection
rhonchus,upper respiratory infection
rapid shallow breathing,upper respiratory infection
apyrexial,upper respiratory infection
noisy respiration,upper respiratory infection
nasal discharge present,upper respiratory infection
emphysematous change,upper respiratory infection
frail,upper respiratory infection
cystic lesion,upper respiratory infection
symptom aggravating factors,upper respiratory infection
hemodynamically stable,upper respiratory infection
ascites,hepatitis
spontaneous rupture of membranes,hepatitis
tachypnea,hepatitis
pain abdominal,hepatitis
pruritus,hepatitis
anorexia,hepatitis
transaminitis,hepatitis
projectile vomiting,hepatitis
chill,hepatitis
distress respiratory,hepatitis
fever,hepatitis
vomiting,hepatitis
shortness of breath,hypertension pulmonary
Stahli's line,hypertension pulmonary
heavy legs,hypertension pulmonary
breath sounds decreased,hypertension pulmonary
neck stiffness,hypertension pulmonary
dyspnea on exertion,hypertension pulmonary
cyanosis,hypertension pulmonary
hypotension,hypertension pulmonary
leftNBSPatrialNBSPhypertrophy,hypertension pulmonary
paresthesia,deglutition disorder
titubation,deglutition disorder
dysarthria,deglutition disorder
painful swallowing,deglutition disorder
hoarseness,deglutition disorder
stridor,deglutition disorder
spasm,deglutition disorder
asthenia,deglutition disorder
dysdiadochokinesia,deglutition disorder
ataxia,deglutition disorder
achalasia,deglutition disorder
decreased body weight,deglutition disorder
stiffness,deglutition disorder
lesion,deglutition disorder
side pain,deglutition disorder
hot flush,gout
pain,gout
redness,gout
swelling,gout
erythema,gout
emphysematous change,gout
sore to touch,gout
hypokinesia,gout
ascites,gout
patient non compliance,gout
ecchymosis,thrombocytopaenia
monocytosis,thrombocytopaenia
posteriorNBSPrhinorrhea,thrombocytopaenia
haemorrhage,thrombocytopaenia
tachypnea,thrombocytopaenia
fever,thrombocytopaenia
pruritus,thrombocytopaenia
hypotension,thrombocytopaenia
fatigue,thrombocytopaenia
unresponsiveness,hypoglycemia
"hypothermia, natural",hypoglycemia
incoherent,hypoglycemia
qt interval prolonged,hypoglycemia
lameness claudication,hypoglycemia
unconscious state,hypoglycemia
clammy skin,hypoglycemia
polyuria,hypoglycemia
distress respiratory,hypoglycemia
hypotension,hypoglycemia
mediastinal shift,pneumonia aspiration
fever,pneumonia aspiration
clonus,pneumonia aspiration
mental status changes,pneumonia aspiration
decreased translucency,pneumonia aspiration
unresponsiveness,pneumonia aspiration
extreme exhaustion,pneumonia aspiration
stupor,pneumonia aspiration
seizure,pneumonia aspiration
transaminitis,pneumonia aspiration
hemiplegia,pneumonia aspiration
cough,pneumonia aspiration
gurgle,pneumonia aspiration
pain,pneumonia aspiration
diarrhea,pneumonia aspiration
pain abdominal,pneumonia aspiration
fever,colitis
thicken,colitis
green sputum,colitis
vomiting,colitis
nausea and vomiting,colitis
awakening early,colitis
pain,colitis
nausea,colitis
chill,colitis
tenesmus,colitis
urge incontinence,colitis
pain abdominal,colitis
hemodynamically stable,colitis
fecaluria,diverticulosis
constipation,diverticulosis
abscess bacterial,diverticulosis
heme positive,diverticulosis
lightheadedness,diverticulosis
diarrhea,diverticulosis
haemorrhage,diverticulosis
pain,diverticulosis
projectile vomiting,diverticulosis
pneumatouria,diverticulosis
cystic lesion,diverticulosis
anorexia,diverticulosis
nausea,diverticulosis
feeling suicidal,diverticulosis
feeling hopeless,diverticulosis
hallucinations auditory,suicide attempt
sleeplessness,suicide attempt
suicidal,suicide attempt
motor retardation,suicide attempt
weepiness,suicide attempt
unable to concentrate,suicide attempt
todd paralysis,suicide attempt
worry,suicide attempt
fatigue,suicide attempt
tremor,suicide attempt
alcoholic withdrawal symptoms,suicide attempt
agitation,suicide attempt
unresponsiveness,suicide attempt
blackout,suicide attempt
withdraw,suicide attempt
difficulty,suicide attempt
irritable mood,suicide attempt
sensory discomfort,suicide attempt
drowsiness,suicide attempt
formication,suicide attempt
unconscious state,suicide attempt
fever,suicide attempt
cough,suicide attempt
yellow sputum,PneumocystisNBSPcariniiNBSPpneumonia
cachexia,PneumocystisNBSPcariniiNBSPpneumonia
chill,PneumocystisNBSPariniiNBSPpneumonia
decreased body weight,PneumocystisNBSPcariniiNBSPpneumonia
productive cough,PneumocystisNBSPcariniiNBSPpneumonia
myalgia,PneumocystisNBSPcariniiNBSPpneumonia
diarrhea,PneumocystisNBSPcariniiNBSPpneumonia
neck stiffness,PneumocystisNBSPcariniiNBSPpneumonia
hacking cough,PneumocystisNBSPcariniiNBSPpneumonia
dyspareunia,PneumocystisNBSPcariniiNBSPpneumonia
hypokalemia,PneumocystisNBSPcariniiNBSPpneumonia
dyspnea on exertion,PneumocystisNBSPcariniiNBSPpneumonia
poor dentition,PneumocystisNBSPcariniiNBSPpneumonia
transaminitis,PneumocystisNBSPcariniiNBSPpneumonia
non-productive cough,PneumocystisNBSPcariniiNBSPpneumonia
headache,PneumocystisNBSPcariniiNBSPpneumonia
floppy,PneumocystisNBSPcariniiNBSPpneumonia
spontaneous rupture of membranes,PneumocystisNBSPcariniiNBSPpneumonia
inappropriate affect,hepatitis B
tachypnea,hepatitis B
yellow sputum,hepatitis B
projectile vomiting,hepatitis B
poor feeding,hepatitis B
pain abdominal,hepatitis B
abdominal tenderness,hepatitis B
wheelchair bound,hepatitis B
moan,hepatitis B
achalasia,parkinson disease
fall,parkinson disease
stiffness,parkinson disease
withdraw,parkinson disease
agitation,parkinson disease
hemiplegia,parkinson disease
difficulty,parkinson disease
unresponsiveness,parkinson disease
syncope,parkinson disease
facial paresis,parkinson disease
orthostasis,parkinson disease
worry,parkinson disease
drowsiness sleepy,parkinson disease
hematuria,parkinson disease
tremor,parkinson disease
night sweat,parkinson disease
mass of body structure,parkinson disease
lesion,lymphoma
fever,lymphoma
welt,lymphoma
transaminitis,lymphoma
decreased body weight,lymphoma
ataxia,lymphoma
tinnitus,lymphoma
hydropneumothorax,lymphoma
superimposition,lymphoma
haemoptysis,lymphoma
fatigue tired,lymphoma
polydypsia,lymphoma
difficulty passing urine,lymphoma
sore to touch,hyperglycemia
pruritus,hyperglycemia
feeling strange,hyperglycemia
pustule,hyperglycemia
cushingoid facies cushingoidNBSPhabitus,hyperglycemia
decreased body weight,hyperglycemia
mood depressed,hyperglycemia
estrogen use,hyperglycemia
wheezing,hyperglycemia
ascites,hyperglycemia
seizure,hyperglycemia
uncoordination,encephalopathy
asterixis,encephalopathy
haemorrhage,encephalopathy
drowsiness sleepy,encephalopathy
absences finding,encephalopathy
posturing,encephalopathy
aura,encephalopathy
tonic seizures,encephalopathy
debilitation,encephalopathy
consciousness clear,encephalopathy
unresponsiveness,encephalopathy
thicken,encephalopathy
hypokinesia,encephalopathy
shortness of breath,tricuspid valve insufficiency
pain,tricuspid valve insufficiency
vomiting,tricuspid valve insufficiency
nausea,tricuspid valve insufficiency
bradycardia,tricuspid valve insufficiency
pain abdominal,tricuspid valve insufficiency
fever,tricuspid valve insufficiency
cicatrisation,tricuspid valve insufficiency
mediastinal shift,tricuspid valve insufficiency
impaired cognition,tricuspid valve insufficiency
drool,Alzheimer's disease
agitation,Alzheimer's disease
nightmare,Alzheimer's disease
rhonchus,Alzheimer's disease
consciousness clear,Alzheimer's disease
pin-point pupils,Alzheimer's disease
bedridden bedridden,Alzheimer's disease
frail,Alzheimer's disease
tremor resting,Alzheimer's disease
hyperkalemia,Alzheimer's disease
facial paresis,Alzheimer's disease
groggy,Alzheimer's disease
muscle twitch,Alzheimer's disease
wheelchair bound,Alzheimer's disease
tremor,Alzheimer's disease
cough,Alzheimer's disease
fever,Alzheimer's disease
diarrhea,candidiasis oralcandidiasis
throat sore,candidiasis oralcandidiasis
decreased body weight,candidiasis oralcandidiasis
chill,candidiasis oralcandidiasis
headache,candidiasis oralcandidiasis
abdominal tenderness,candidiasis oralcandidiasis
patient non compliance,candidiasis oralcandidiasis
photophobia,candidiasis oralcandidiasis
night sweat,candidiasis oralcandidiasis
painful swallowing,candidiasis oralcandidiasis
poor dentition,candidiasis oralcandidiasis
transaminitis,candidiasis oralcandidiasis
non-productive cough,candidiasis oralcandidiasis
adverse reaction adverse effect,candidiasis oralcandidiasis
abdominal bloating,candidiasis oralcandidiasis
asthenia,neuropathy
numbness,neuropathy
nausea and vomiting,neuropathy
awakening early,neuropathy
hydropneumothorax,neuropathy
superimposition,neuropathy
fatigability,neuropathy
tenesmus,neuropathy
pain,neuropathy
slowing of urinary stream,neuropathy
shortness of breath,kidney disease
hyperkalemia,kidney disease
pain chest,kidney disease
fever,kidney disease
gravida ,kidney disease
bleeding of vagina,kidney disease
para ,fibroid tumor
haemorrhage,fibroid tumor
abortion,fibroid tumor
intermenstrual heavy bleeding,fibroid tumor
muscle hypotonia hypotonic,fibroid tumor
previous pregnancies ,fibroid tumor
shortness of breath,fibroid tumor
fever,fibroid tumor
heartburn,fibroid tumor
primigravida,fibroid tumor
abnormally hard consistency,fibroid tumor
proteinemia,fibroid tumor
fall,glaucoma
distended abdomen,glaucoma
unsteady gait,glaucoma
paresthesia,glaucoma
hyponatremia,glaucoma
agitation,glaucoma
unconscious state,glaucoma
burning sensation,glaucoma
lesion,glaucoma
mass of body structure,glaucoma
thicken,neoplasm metastasis
tumor cell invasion,neoplasm metastasis
metastatic lesion,neoplasm metastasis
pain neck,neoplasm metastasis
lung nodule,neoplasm metastasis
pain,neoplasm metastasis
pain abdominal,neoplasm metastasis
food intolerance,neoplasm metastasis
mass of body structure,neoplasm metastasis
atypia,neoplasm metastasis
lesion,malignant tumor of colon carcinoma colon
prostatism,malignant tumor of colon carcinoma colon
constipation,malignant tumor of colon carcinoma colon
general discomfort,malignant tumor of colon carcinoma colon
diarrhea,malignant tumor of colon carcinoma colon
pain abdominal,malignant tumor of colon carcinoma colon
urinary hesitation,malignant tumor of colon carcinoma colon
dizzy spells,malignant tumor of colon carcinoma colon
shooting pain,malignant tumor of colon carcinoma colon
bradycardia,malignant tumor of colon carcinoma colon
vomiting,malignant tumor of colon carcinoma colon
systolic ejection murmur,malignant tumor of colon carcinoma colon
nausea,malignant tumor of colon carcinoma colon
hyperemesis,malignant tumor of colon carcinoma colon
polydypsia,malignant tumor of colon carcinoma colon
polyuria,ketoacidosis diabetic
vomiting,ketoacidosis diabetic
nausea,ketoacidosis diabetic
pain abdominal,ketoacidosis diabetic
milky,ketoacidosis diabetic
feeling strange,ketoacidosis diabetic
gurgle,ketoacidosis diabetic
nervousness,ketoacidosis diabetic
abdominal tenderness,ketoacidosis diabetic
regurgitates after swallowing,ketoacidosis diabetic
vision blurred,ketoacidosis diabetic
urinary hesitation,ketoacidosis diabetic
diarrhea,ketoacidosis diabetic
seizure,ketoacidosis diabetic
aura,ketoacidosis diabetic
drowsiness,tonic-clonic epilepsy tonic-clonic seizures
lip smacking,tonic-clonic epilepsy tonic-clonic seizures
myoclonus,tonic-clonic epilepsy tonic-clonic seizures
tremor,tonic-clonic epilepsy tonic-clonic seizures
phonophobia,tonic-clonic epilepsy tonic-clonic seizures
rolling of eyes,tonic-clonic epilepsy tonic-clonic seizures
sleepy,tonic-clonic epilepsy tonic-clonic seizures
hirsutism,tonic-clonic epilepsy tonic-clonic seizures
moody,tonic-clonic epilepsy tonic-clonic seizures
muscle twitch,tonic-clonic epilepsy tonic-clonic seizures
unresponsiveness,tonic-clonic epilepsy tonic-clonic seizures
headache,tonic-clonic epilepsy tonic-clonic seizures
ambidexterity,tonic-clonic epilepsy tonic-clonic seizures
absences finding,tonic-clonic epilepsy tonic-clonic seizures
spasm,tonic-clonic epilepsy tonic-clonic seizures
decreased body weight,tonic-clonic epilepsy tonic-clonic seizures
tumor cell invasion,tonic-clonic epilepsy tonic-clonic seizures
pulsusNBSPparadoxus,malignantNBSPneoplasms
gravida ,malignantNBSPneoplasms
mass of body structure,malignantNBSPneoplasms
lesion,malignantNBSPneoplasms
heartburn,malignantNBSPneoplasms
night sweat,malignantNBSPneoplasms
thicken,malignantNBSPneoplasms
chill,malignantNBSPneoplasms
decreased translucency,malignantNBSPneoplasms
pain abdominal,malignantNBSPneoplasms
dullness,malignantNBSPneoplasms
food intolerance,malignantNBSPneoplasms
distress respiratory,malignantNBSPneoplasms
hypotension,malignantNBSPneoplasms
hemiplegia,respiratory failure
snore,respiratory failure
unresponsiveness,respiratory failure
productive cough,respiratory failure
dyspnea,respiratory failure
tachypnea,respiratory failure
hyperkalemia,respiratory failure
hypokinesia,respiratory failure
sinus rhythm,respiratory failure
general unsteadiness,respiratory failure
bruit,respiratory failure
consciousness clear,respiratory failure
shortness of breath,respiratory failure
lesion,respiratory failure
redness,respiratory failure
mass of body structure,melanoma
paraparesis,melanoma
fever,melanoma
gravida ,melanoma
pain,melanoma
pruritus,melanoma
mass in breast,melanoma
vomiting,melanoma
diarrhea,melanoma
pain abdominal,gastroenteritis
breath-holding spell,gastroenteritis
nausea,gastroenteritis
decreased body weight,gastroenteritis
sore to touch,gastroenteritis
scleralNBSPicterus,gastroenteritis
fever,gastroenteritis
myalgia,gastroenteritis
hyponatremia,gastroenteritis
retch,gastroenteritis
mass of body structure,gastroenteritis
decreased body weight,gastroenteritis
lesion,malignant neoplasm of lung carcinoma of lung
cough,malignant neoplasm of lung carcinoma of lung
lung nodule,malignant neoplasm of lung carcinoma of lung
shortness of breath,malignant neoplasm of lung carcinoma of lung
haemoptysis,malignant neoplasm of lung carcinoma of lung
debilitation,malignant neoplasm of lung carcinoma of lung
gurgle,malignant neoplasm of lung carcinoma of lung
ache,malignant neoplasm of lung carcinoma of lung
rale,malignant neoplasm of lung carcinoma of lung
night sweat,malignant neoplasm of lung carcinoma of lung
decreased translucency,malignant neoplasm of lung carcinoma of lung
asthenia,malignant neoplasm of lung carcinoma of lung
metastatic lesion,malignant neoplasm of lung carcinoma of lung
agitation,malignant neoplasm of lung carcinoma of lung
irritable mood,malignant neoplasm of lung carcinoma of lung
energy increased,manic disorder
suicidal,manic disorder
hypersomnia,manic disorder
feeling suicidal,manic disorder
blanch,manic disorder
hallucinations auditory,manic disorder
hallucinations visual,manic disorder
elation,manic disorder
verbal auditory hallucinations,manic disorder
feeling hopeless,manic disorder
difficulty,manic disorder
decompensation,manic disorder
verbally abusive behavior,manic disorder
suicidal,manic disorder
feeling suicidal,manic disorder
nightmare,personality disorder
feeling hopeless,personality disorder
transsexual,personality disorder
hallucinations auditory,personality disorder
irritable mood,personality disorder
sleeplessness,personality disorder
agitation,personality disorder
weepiness,personality disorder
mood depressed,personality disorder
scratch marks,personality disorder
nausea and vomiting,personality disorder
extreme exhaustion,personality disorder
side pain,personality disorder
worry,personality disorder
enuresis,personality disorder
homelessness,personality disorder
nervousness,personality disorder
ascites,personality disorder
pruritus,personality disorder
mass of body structure,primary carcinoma of the liver cells
splenomegaly,primary carcinoma of the liver cells
lesion,primary carcinoma of the liver cells
paresis,primary carcinoma of the liver cells
tumor cell invasion,primary carcinoma of the liver cells
room spinning,primary carcinoma of the liver cells
haemorrhage,primary carcinoma of the liver cells
thicken,primary carcinoma of the liver cells
indifferent mood,primary carcinoma of the liver cells
cachexia,primary carcinoma of the liver cells
"hypothermia, natural",primary carcinoma of the liver cells
pain abdominal,primary carcinoma of the liver cells
hepatomegaly,primary carcinoma of the liver cells
hematocrit decreased,primary carcinoma of the liver cells
stupor,primary carcinoma of the liver cells
decreased body weight,primary carcinoma of the liver cells
shortness of breath,primary carcinoma of the liver cells
cough,primary carcinoma of the liver cells
behavior showing increased motor activity,emphysema pulmonary
scar tissue,emphysema pulmonary
dyspnea on exertion,emphysema pulmonary
coordination abnormal,emphysema pulmonary
myalgia,emphysema pulmonary
hypercapnia,emphysema pulmonary
clammy skin,emphysema pulmonary
has religious belief,emphysema pulmonary
room spinning,emphysema pulmonary
moan,emphysema pulmonary
night sweat,emphysema pulmonary
cachexia,emphysema pulmonary
symptom aggravating factors,emphysema pulmonary
dyspnea,emphysema pulmonary
rale,emphysema pulmonary
flushing,emphysema pulmonary
painful swallowing,emphysema pulmonary
arthralgia,emphysema pulmonary
choke,emphysema pulmonary
tenesmus,emphysema pulmonary
constipation,emphysema pulmonary
haemorrhage,hemorrhoids
bowel sounds decreased,hemorrhoids
decreased stool caliber,hemorrhoids
nausea and vomiting,hemorrhoids
hunger,hemorrhoids
diarrhea,hemorrhoids
dizziness,hemorrhoids
hyponatremia,hemorrhoids
clonus,hemorrhoids
pain,hemorrhoids
achalasia,hemorrhoids
burning sensation,hemorrhoids
guaiac positive,hemorrhoids
numbness of hand,hemorrhoids
wheezing,hemorrhoids
cough,hemorrhoids
shortness of breath,spasm bronchial
scar tissue,spasm bronchial
apyrexial,spasm bronchial
no known drug allergies,spasm bronchial
pain,spasm bronchial
productive cough,spasm bronchial
throat sore,spasm bronchial
dyspnea,spasm bronchial
chest tightness,spasm bronchial
hypoxemia,spasm bronchial
tachypnea,spasm bronchial
sensory discomfort,spasm bronchial
fever,spasm bronchial
vomiting,spasm bronchial
rhonchus,spasm bronchial
hemiplegia,spasm bronchial
fremitus,spasm bronchial
clonus,spasm bronchial
egophony,spasm bronchial
facial paresis,spasm bronchial
aphagia,spasm bronchial
muscle twitch,spasm bronchial
paralyse,spasm bronchial
low back pain,spasm bronchial
charleyhorse,spasm bronchial
out of breath,obesity morbid
sedentary,obesity morbid
angina pectoris,obesity morbid
cough,obesity morbid
unhappy,obesity morbid
labored breathing,obesity morbid
"hypothermia, natural",obesity morbid
dyspnea,obesity morbid
hematocrit decreased,obesity morbid
wheezing,obesity morbid
hypoxemia,obesity morbid
renal angle tenderness,obesity morbid
feels hot/feverish,obesity morbid
fever,pyelonephritis
pain,pyelonephritis
urgency ofNBSPmicturition,pyelonephritis
hematuria,pyelonephritis
vomiting,pyelonephritis
chill,pyelonephritis
diarrhea,pyelonephritis
nausea,pyelonephritis
pain abdominal,pyelonephritis
myalgia,pyelonephritis
fever,pyelonephritis
chill,pyelonephritis
pleuritic pain,endocarditis
thicken,endocarditis
myalgia,endocarditis
apyrexial,endocarditis
night sweat,endocarditis
flare,endocarditis
shortness of breath,endocarditis
orthopnea,endocarditis
abscess bacterial,endocarditis
hypotension,endocarditis
cough,endocarditis
metastatic lesion,endocarditis
breath sounds decreased,endocarditis
decreased body weight,endocarditis
NBSP,endocarditis
pulsusNBSPparadoxus,endocarditis
hypokinesia,endocarditis
pericardial friction rub,effusion pericardial pericardial effusion body substance
dyspnea,effusion pericardial pericardial effusion body substance
shortness of breath,effusion pericardial pericardial effusion body substance
hemodynamically stable,effusion pericardial pericardial effusion body substance
cardiomegaly,effusion pericardial pericardial effusion body substance
hypotension,effusion pericardial pericardial effusion body substance
sputum purulent,effusion pericardial pericardial effusion body substance
facial paresis,effusion pericardial pericardial effusion body substance
pain,effusion pericardial pericardial effusion body substance
oliguria,effusion pericardial pericardial effusion body substance
blackout,effusion pericardial pericardial effusion body substance
intoxication,effusion pericardial pericardial effusion body substance
tremor,chronic alcoholic intoxication
hallucinations auditory,chronic alcoholic intoxication
suicidal,chronic alcoholic intoxication
hoard,chronic alcoholic intoxication
irritable mood,chronic alcoholic intoxication
feeling hopeless,chronic alcoholic intoxication
feeling suicidal,chronic alcoholic intoxication
neologism,chronic alcoholic intoxication
seizure,chronic alcoholic intoxication
homelessness,chronic alcoholic intoxication
sleeplessness,chronic alcoholic intoxication
unconscious state,chronic alcoholic intoxication
panic,chronic alcoholic intoxication
breath sounds decreased,chronic alcoholic intoxication
shortness of breath,chronic alcoholic intoxication
dyspnea,pneumothorax
cardiovascular finding cardiovascular event,pneumothorax
haemoptysis,pneumothorax
cough,pneumothorax
hypercapnia,pneumothorax
soft tissue swelling,pneumothorax
prostatism,pneumothorax
agitation,pneumothorax
unsteady gait,delirium
withdraw,delirium
hyponatremia,delirium
verbally abusive behavior,delirium
feeling suicidal,delirium
unresponsiveness,delirium
worry,delirium
drowsiness sleepy,delirium
hallucinations auditory,delirium
suicidal,delirium
fever,delirium
diarrhea,delirium
transaminitis,neutropenia
splenomegaly,neutropenia
night sweat,neutropenia
apyrexial,neutropenia
lesion,neutropenia
snuffle,neutropenia
chill,neutropenia
cough,neutropenia
monoclonal,neutropenia
hypocalcemia result,neutropenia
oliguria,neutropenia
rhd positive,neutropenia
distress respiratory,neutropenia
cyanosis,hyperbilirubinemia
tachypnea,hyperbilirubinemia
para ,hyperbilirubinemia
bradycardia,hyperbilirubinemia
breech presentation,hyperbilirubinemia
cushingoid facies cushingoidNBSPhabitus,hyperbilirubinemia
cough,hyperbilirubinemia
myalgia,hyperbilirubinemia
uncoordination,influenza
fever,influenza
pleuritic pain,influenza
snuffle,influenza
throat sore,influenza
malaise,influenza
debilitation,influenza
symptom aggravating factors,influenza
chill,influenza
scleralNBSPicterus,influenza
nasal flaring,influenza
dysuria,influenza
lip smacking,influenza
headache,influenza
sneeze,influenza
snore,influenza
green sputum,influenza
shortness of breath,influenza
distress respiratory,influenza
blackout,influenza
extreme exhaustion,influenza
intoxication,dependence
tremor,dependence
agitation,dependence
suicidal,dependence
homelessness,dependence
prostatism,dependence
lethargy,dependence
seizure,dependence
muscle twitch,dependence
stuffy nose,dependence
feeling hopeless,dependence
heavy legs,dependence
rale,dependence
hypokinesia,thrombus
anorexia,thrombus
hypertonicity,thrombus
shortness of breath,thrombus
hypoalbuminemia,thrombus
pruritus,thrombus
sore to touch,thrombus
hemodynamically stable,thrombus
facial paresis,thrombus
vomiting,thrombus
stool color yellow,thrombus
moan,cholecystitis
nausea,cholecystitis
pain abdominal,cholecystitis
Murphy's sign,cholecystitis
flatulence,cholecystitis
colic abdominal,cholecystitis
pain,cholecystitis
ascites,cholecystitis
diarrhea,cholecystitis
qt interval prolonged,cholecystitis
cardiovascular finding cardiovascular event,cholecystitis
groggy,cholecystitis
sinus rhythm,cholecystitis
gasping for breath,cholecystitis
constipation,cholecystitis
feces in rectum,cholecystitis
abnormally hard consistency,cholecystitis
pain abdominal,herniaNBSPhiatal
fatigability,herniaNBSPhiatal
prodrome,herniaNBSPhiatal
vomiting,herniaNBSPhiatal
nausea,herniaNBSPhiatal
myalgia,herniaNBSPhiatal
hyponatremia,herniaNBSPhiatal
sore to touch,herniaNBSPhiatal
general discomfort,herniaNBSPhiatal
dyspnea on exertion,herniaNBSPhiatal
asterixis,herniaNBSPhiatal
guaiac positive,herniaNBSPhiatal
numbness of hand,herniaNBSPhiatal
headache,herniaNBSPhiatal
photophobia,herniaNBSPhiatal
ambidexterity,migraine disorders
vomiting,migraine disorders
dizziness,migraine disorders
numbness,migraine disorders
nausea,migraine disorders
fever,migraine disorders
splenomegaly,migraine disorders
hypoproteinemia,pancytopenia
fatigue,pancytopenia
haemorrhage,pancytopenia
fatigability,pancytopenia
cushingoid facies cushingoidNBSPhabitus,pancytopenia
stool color yellow,pancytopenia
colic abdominal,pancytopenia
vomiting,cholelithiasis biliary calculus
nausea,cholelithiasis biliary calculus
pain abdominal,cholelithiasis biliary calculus
pain,cholelithiasis biliary calculus
cushingoid facies cushingoidNBSPhabitus,cholelithiasis biliary calculus
ascites,cholelithiasis biliary calculus
thicken,cholelithiasis biliary calculus
sore to touch,cholelithiasis biliary calculus
diarrhea,cholelithiasis biliary calculus
apyrexial,cholelithiasis biliary calculus
palpitation,cholelithiasis biliary calculus
leftNBSPatrialNBSPhypertrophy,tachycardia sinus
sweat sweating increased,tachycardia sinus
alcohol binge episode,tachycardia sinus
pressure chest,tachycardia sinus
scar tissue,tachycardia sinus
cardiovascular finding cardiovascular event,tachycardia sinus
orthostasis,tachycardia sinus
shortness of breath,tachycardia sinus
t wave inverted,tachycardia sinus
vomiting,tachycardia sinus
pain abdominal,tachycardia sinus
abscess bacterial,ileus
abdomen acute,ileus
air fluid level,ileus
catching breath,ileus
abdominal tenderness,ileus
nausea,ileus
sore to touch,ileus
flatulence,ileus
diarrhea,ileus
mass of body structure,ileus
apyrexial,ileus
constipation,ileus
thicken,ileus
gravida ,ileus
pain abdominal,ileus
flatulence,adhesion
pain,adhesion
large-for-dates fetus,adhesion
para ,adhesion
vomiting,adhesion
lung nodule,adhesion
breech presentation,adhesion
shortness of breath,adhesion
decreased body weight,adhesion
immobile,adhesion
unsteady gait,adhesion
hallucinations visual,adhesion
feeling suicidal,adhesion
loose associations,delusion
giddy mood,delusion
feeling hopeless,delusion
agitation,delusion
hallucinations auditory,delusion
irritable mood,delusion
sleeplessness,delusion
neologism,delusion
homicidal thoughts,delusion
disturbed family,delusion
worry,delusion
decompensation,delusion
verbally abusive behavior,delusion
catatonia,delusion
suicidal,delusion
terrify,delusion
blackout,delusion
weepiness,delusion
impaired cognition,delusion
irritable mood,delusion
agitation,delusion
extreme exhaustion,affect labile
sleeplessness,affect labile
enuresis,affect labile
patient non compliance,affect labile
feeling hopeless,affect labile
hallucinations visual,affect labile
bedridden bedridden,affect labile
prostatism,affect labile
systolic murmur,decubitus ulcer
frail,decubitus ulcer
fever,decubitus ulcer
